{
    "Arange/Forward": 85.8390681375147,
    "Layer/Combine/Intersect": 7.32908627964044,
    "Layer/Combine/Subtract": 17.54390255275705,
    "View/Hide Layers and Inspector": 39.39670033932451,
    "Edit/Paste Style": 64.27792850731706,
    "View/Show Colors": 40.85085842914478,
    "Type/Select Similar": 41.83604606618814,
    "Type/Baseline/Subscript": 41.76206425913039,
    "Window/Bring All To Front": 62.998006612252965,
    "Type/Ligature/Use None": 59.03915309094457,
    "Type/Baseline/Use Default": 53.063049576261925,
    "Insert/Shape/Triangle": 7.569145564647728,
    "View/Canvas/Hide All Layout and Grids": 75.3544758054364,
    "Layer/Mask mode/Outline Mask": 44.305989042964164,
    "Type/Baseline/Lower": 69.88759854302849,
    "View/Canvas/Show Grid": 0.1440420921946406,
    "View/Layer List/Show Slices": 85.53353337882118,
    "File/New From Template/IOS UI Design": 5.9364357105198495,
    "Layer/Create Shared Style": 43.53924286857278,
    "Insert/Shape/Star": 41.19566536024859,
    "View/Zoom Selection": 22.623120666229347,
    "View/Presentation Mode": 34.69423241865655,
    "File/New File": 53.307272032613305,
    "Edit/Paste in Place": 10.897581188344251,
    "Layer/Style/Fill Options": 66.17036034842123,
    "Window/Minimize": 84.36796334973603,
    "Arange/Align Objects/Left": 46.62358225936683,
    "Layer/Transform/Flip Horizontal": 93.74956334515821,
    "Type/Bold": 66.14906349362745,
    "Layer/Mask mode/Alpha Mask": 92.6860516628209,
    "Type/Baseline/Raise": 54.54483779175824,
    "Type/Kern/Use None": 22.80171783151269,
    "View/Hide Toolbar": 68.60837642933686,
    "Arange/Backward": 98.47969942800326,
    "File/Rename": 42.635817803139155,
    "File/Revert To/Browse All Versions": 60.43250940040943,
    "Type/Smaller": 31.49172822622177,
    "Layer/Style/Add Border": 17.561472618249585,
    "Edit/Spelling/Check Spelling": 79.76934947549353,
    "Arange/Align Objects/Bottom": 8.607967761872526,
    "Layer/Style/Remove Unused Styles": 76.52235890315622,
    "Type/Lowercase": 99.29633583361091,
    "Insert/Artboard": 90.3363138239494,
    "Type/Justify": 40.57764115216719,
    "File/Save as Template": 21.399895574650408,
    "View/Center Selection": 42.3902252052253,
    "Insert/Shape/Arrow": 33.8749306863812,
    "Layer/Combine/Difference": 58.232485762051375,
    "Edit/Spelling/Check Spelling as You Type": 26.656035461512108,
    "Insert/Shape/Rounded": 54.02187194824067,
    "Plugins/Custom Plugin": 63.921810731398054,
    "View/Canvas/Show Layer Highlights": 24.84544755813217,
    "Layer/Image/Replace": 14.124296116268765,
    "Insert/Shape/Polygon": 21.934101358024794,
    "Edit/Spelling/Show Spelling and Grammar": 93.45489178600388,
    "Arange/Align Objects/Horizontally": 98.35625017761565,
    "File/Move To": 45.09035272951789,
    "Edit/Emoji and Symbols": 65.30882262075764,
    "File/Duplicate": 28.713252451703152,
    "Layer/Transform/Flip Vertical": 2.9794691969538545,
    "Edit/Cut": 67.97137210343558,
    "Insert/Vector": 55.57791238895475,
    "Type/Kern/Tighten": 99.66820996929054,
    "Layer/Create Symbol": 25.841137551446856,
    "Type/Bigger": 6.25365491669827,
    "View/Canvas/Show Pixels": 42.00876250759975,
    "Type/Convert Text to Outlines": 0.6316599460800876,
    "File/Close": 74.57501868887417,
    "Edit/Scale": 36.110144632071105,
    "Layer/Round to Nearest Pixel Edge": 56.895924545391374,
    "Insert/Text": 96.12026456087321,
    "Edit/Redo": 95.64447394197572,
    "Edit/Duplicate": 20.81734705333084,
    "View/Canvas/Show Pixels Grid": 1.8779818900226508,
    "Edit/Set Style as Default": 62.49860537364261,
    "Type/Kern/Loosen": 58.87000919209321,
    "Edit/Select All": 50.337682118106144,
    "Insert/Slice": 83.23345403908526,
    "Type/Align Left": 88.51328410017575,
    "Type/Italic": 27.117437037710147,
    "Layer/Image/Convert to 9-Slice Image": 78.91285805286186,
    "Edit/Undo": 27.647597484246145,
    "Layer/Style/Add Inner Shadow": 42.424308710246464,
    "Type/Baseline/Superscript": 63.56106415444476,
    "File/Save": 98.6694777132951,
    "Insert/Pencil": 76.82813745458607,
    "File/Export Artboards To Pdf": 73.7555969169836,
    "Type/Underline": 57.40624885644701,
    "Layer/Paths/Close Paths": 82.74481532395926,
    "Layer/Paths/Reverse Order": 78.35213313178471,
    "File/New From Template/Material Design": 21.285396639164777,
    "View/Show Inspector": 65.57885199767406,
    "File/Print": 15.952188951809365,
    "Layer/Ignore Underlaying Mask": 23.19011137523801,
    "Layer/Combine/Union": 29.352257539609173,
    "Layer/Paths/Scissors": 86.40415915494651,
    "File/Open Recent/Clear Items": 50.368238927731376,
    "File/Page Setup": 93.07846729205593,
    "File/New From Template/IOS App Design": 61.09066028712744,
    "View/Canvas/Show Rulers": 53.05430218109394,
    "Arange/Align Objects/Vertically": 92.32076126701052,
    "View/Center Canvas": 62.97791667005335,
    "File/Export": 37.44328506076117,
    "View/Layer List/Auto-Expand Groups in Layers List": 35.78971096698547,
    "View/Layer List/Collapse Artboards and Groups": 92.62866808627295,
    "Insert/Image": 47.41379872276574,
    "View/Canvas/Show Selection Handles": 79.28305295983571,
    "View/Zoom Out": 6.977218271726859,
    "Plugins/Run Last Plugin": 5.414052682035986,
    "View/Canvas/Show Layout": 66.85773687185278,
    "Type/Align Right": 14.488401359060521,
    "Layer/Paths/Vectorize Stroke": 8.404994832077206,
    "Edit/Pick Color": 92.38500982743358,
    "Layer/Flatten Selection to Bitmap": 59.20793406710095,
    "Edit/Copy CSS Attributes": 29.529251817839018,
    "Insert/Styled Text": 49.74065167694962,
    "Type/Uppercase": 30.15901749191572,
    "Arange/Move to Back": 46.195783151595904,
    "Insert/Shape/Rectangle": 1.0639912283710418,
    "View/Actual Size": 60.70197252820139,
    "Layer/Image/Reduce Image Size": 3.6729438753700827,
    "Layer/Paths/Join": 34.062378468127854,
    "View/Zoom In": 57.62883900513251,
    "Type/Ligature/Use All": 3.966611110659757,
    "Layer/Style/Add Fill": 36.464018737233026,
    "Layer/Style/Border Options": 93.14060557837239,
    "View/Canvas/Show Smart Guides": 42.48658968529837,
    "Type/Ligature/Use Default": 48.16055821723968,
    "Edit/Copy Style": 80.88383540798125,
    "Insert/Symbols": 29.974666927864348,
    "View/Canvas/Show Artboard Shadow": 27.13856061970594,
    "View/Customize Toolbar": 28.983965208355777,
    "Insert/Shape/Line": 32.201371879298755,
    "Type/Text on Path": 65.01432508173761,
    "View/Canvas/Layout Settings": 93.65425650287068,
    "Type/Kern/Use Default": 93.2389863284884,
    "Edit/Start Dictation": 77.64291305482568,
    "View/Enter Full Screen": 8.62344977784234,
    "View/Show Layers List": 94.6156654596926,
    "Edit/Delete": 20.1777815723588,
    "Window/Zoom": 49.36728633977086,
    "Arange/Align Objects/Top": 38.768507627006755,
    "Layer/Image/Set to Original Size": 59.111497611177334,
    "File/Open": 12.479388097736521,
    "Layer/Use as Mask": 94.16781319143539,
    "Type/Center": 25.72715113257258,
    "Edit/Paste and Match Style": 24.65606125932852,
    "Arange/Align Objects/Right": 52.30727436183087,
    "Arange/Move To Front": 11.635377596423503,
    "Layer/Paths/Split": 31.46869898988992,
    "Layer/Paths/Flatten": 20.966297898335906,
    "View/Canvas/Grid Settings": 24.21830775815117,
    "Plugins/Reveal Plugins Folder": 43.90620197349897,
    "View/Layer List/Reveal in Layer List": 59.388590265483266,
    "View/Layer List/Show Layers": 25.25168956689171,
    "Insert/Shape/Oval": 23.35359133735938,
    "Type/Change Font": 15.000738704306682,
    "Layer/Transform/Transform Layer": 68.53407983745409,
    "Layer/Paths/Rotate Copies": 26.541585539763936,
    "Edit/Paste": 62.30008859095801,
    "View/Show Fonts": 86.91023929122684,
    "Layer/Transform/Rotate Layer": 76.99635509917647,
    "Layer/Mask with Selected Shape": 11.044504989254067,
    "Edit/Copy": 37.021472552068765,