{
    "Arange/Align Objects/Bottom": 9.666295833015893,
    "Type/Italic": 16.752938754337386,
    "File/Rename": 13.045792976014303,
    "View/Layer List/Show Slices": 36.341750620711665,
    "Plugins/Reveal Plugins Folder": 23.528046014751645,
    "View/Canvas/Hide All Layout and Grids": 20.352203300104733,
    "View/Zoom Out": 17.668000875851387,
    "Type/Kern/Use Default": 43.777582914170424,
    "Layer/Image/Replace": 20.92502959780178,
    "Layer/Paths/Flatten": 85.22019804744708,
    "View/Presentation Mode": 90.68865382409143,
    "Type/Align Left": 14.768478485175363,
    "File/Print": 2.1916065232416404,
    "Type/Change Font": 8.390290237133735,
    "Layer/Mask with Selected Shape": 59.32986686299672,
    "Layer/Style/Border Options": 66.8032223877932,
    "Type/Uppercase": 5.89711342560173,
    "File/Export Artboards To Pdf": 72.22965271902578,
    "Arange/Forward": 41.77222167747687,
    "Type/Select Similar": 7.43973099206322,
    "Layer/Mask mode/Outline Mask": 17.48004679659534,
    "View/Canvas/Show Smart Guides": 89.67521904309913,
    "Type/Lowercase": 99.56503822661143,
    "View/Layer List/Collapse Artboards and Groups": 93.6995954415025,
    "Edit/Paste in Place": 9.875719498557068,
    "View/Canvas/Layout Settings": 99.69841635280478,
    "Layer/Paths/Join": 74.37657416806898,
    "Arange/Move to Back": 0.9998652120328133,
    "Layer/Style/Add Fill": 74.2247040502318,
    "Edit/Emoji and Symbols": 58.71910504886622,
    "Type/Center": 28.723050590615795,
    "Layer/Style/Add Border": 40.892602171043166,
    "View/Hide Layers and Inspector": 98.94212929321002,
    "View/Canvas/Show Pixels Grid": 33.86243580136282,
    "Window/Minimize": 49.7543041365169,
    "Edit/Pick Color": 80.76663575733757,
    "Layer/Combine/Union": 64.34868956854054,
    "Layer/Combine/Intersect": 0.5195017545841174,
    "Layer/Image/Reduce Image Size": 79.41229709375264,
    "View/Canvas/Show Layout": 86.28194627603082,
    "Edit/Copy Style": 15.758311221241039,
    "File/Export": 91.15527054452872,
    "Insert/Vector": 65.51938433553136,
    "View/Canvas/Grid Settings": 17.201841337989997,
    "Layer/Create Symbol": 51.081667501840315,
    "View/Canvas/Show Rulers": 96.06258179316052,
    "Arange/Align Objects/Top": 75.9452807598471,
    "Edit/Scale": 89.62795985075469,
    "Edit/Spelling/Check Spelling": 21.03538488028124,
    "File/New From Template/Mac App Design": 71.61898943851057,
    "Layer/Style/Fill Options": 95.4892098329252,
    "Type/Ligature/Use Default": 39.790586196150215,
    "Layer/Combine/Reset": 31.674636456231966,
    "Edit/Duplicate": 69.89650502382361,
    "File/Revert To/Browse All Versions": 85.2300052451462,
    "Type/Kern/Loosen": 77.31179730459277,
    "File/New File": 54.30407496890951,
    "Layer/Combine/Subtract": 87.89673330169724,
    "Layer/Paths/Vectorize Stroke": 44.484286019105014,
    "Layer/Mask mode/Alpha Mask": 88.97410993809137,
    "Type/Kern/Use None": 58.02978551281891,
    "Layer/Combine/Difference": 43.51806100820704,
    "Edit/Select All": 59.1179435543035,
    "Insert/Shape/Rounded": 64.22066439241212,
    "View/Hide Toolbar": 57.58003574567526,
    "Window/Zoom": 46.4009443347721,
    "Layer/Paths/Reverse Order": 80.18614201802143,
    "Arange/Move To Front": 57.82221364920799,
    "View/Layer List/Reveal in Layer List": 41.83911877991153,
    "File/New From Template/IOS App Design": 68.68982166512096,
    "Type/Kern/Tighten": 70.72906290149844,
    "View/Canvas/Show Grid": 79.65847442139844,
    "Edit/Delete": 54.55998959210069,
    "Insert/Image": 87.75089243702706,
    "Insert/Styled Text": 61.75027955727786,
    "Insert/Symbols": 97.64446124454426,
    "View/Canvas/Show Layer Highlights": 14.156148317359696,
    "Type/Ligature/Use None": 76.78357236196237,
    "Arange/Align Objects/Horizontally": 24.701453239079964,
    "Layer/Image/Set to Original Size": 50.5993177199771,
    "Layer/Flatten Selection to Bitmap": 22.67296095025584,
    "File/Move To": 34.50514929040571,
    "Layer/Transform/Flip Vertical": 30.53975069205609,
    "Plugins/Custom Plugin": 54.288741658971276,
    "Edit/Paste Style": 72.2712582115823,
    "Type/Align Right": 28.90755679573066,
    "Insert/Shape/Triangle": 49.07552015479373,
    "Insert/Shape/Arrow": 41.209134396903224,
    "Arange/Align Objects/Left": 3.67299822351852,
    "Arange/Align Objects/Vertically": 56.72606025730137,
    "File/Open": 71.06726718675988,
    "Type/Bold": 16.726851546512258,
    "Type/Baseline/Subscript": 37.92169357474038,
    "Layer/Transform/Flip Horizontal": 53.23031819885885,
    "Type/Underline": 64.78746421779763,
    "Insert/Shape/Star": 93.03889108948567,
    "File/Page Setup": 96.79608257486075,
    "File/Save as Template": 72.65464243386629,
    "Type/Baseline/Raise": 34.252091667129726,
    "View/Actual Size": 94.06038921420787,
    "View/Canvas/Show Pixels": 92.68450419411714,
    "File/Open Recent/Clear Items": 37.196227478381736,
    "File/New From Template/IOS UI Design": 94.10790833364577,
    "Edit/Spelling/Check Spelling as You Type": 77.10836955937016,
    "Insert/Shape/Polygon": 11.265957731707532,
    "Type/Ligature/Use All": 92.24605918337639,
    "Edit/Copy CSS Attributes": 76.2456259689742,
    "View/Layer List/Show Layers": 95.51495995282862,
    "Layer/Transform/Transform Layer": 37.92915640451613,
    "View/Show Inspector": 0.3314941077346423,
    "Edit/Start Dictation": 49.31799402217867,
    "Type/Convert Text to Outlines": 97.50213486340904,
    "Type/Baseline/Lower": 94.2316437213553,
    "View/Customize Toolbar": 43.167403650747836,
    "Plugins/Run Last Plugin": 82.90972396674881,
    "View/Layer List/Auto-Expand Groups in Layers List": 9.59623277611823,
    "Type/Bigger": 32.29221145648897,
    "View/Show Layers List": 15.762803034021132,
    "Layer/Image/Convert to 9-Slice Image": 47.32963144910434,
    "Layer/Paths/Split": 88.52946085847123,
    "Insert/Shape/Oval": 55.344375647747476,
    "View/Zoom Selection": 19.95599223967358,
    "Insert/Text": 41.9822643346353,
    "View/Canvas/Show Artboard Shadow": 58.07826322842639,
    "File/New From Template/Material Design": 82.27288979657814,
    "Layer/Transform/Rotate Layer": 36.4755430357304,
    "Insert/Shape/Line": 61.31010790218693,
    "Layer/Round to Nearest Pixel Edge": 49.39647339178632,
    "Edit/Paste": 74.13258296705811,
    "View/Show Fonts": 21.743226032126838,
    "Edit/Set Style as Default": 22.170086974846015,
    "View/Canvas/Show Selection Handles": 30.0156420255016,
    "Arange/Backward": 90.64474693853217,
    "View/Zoom In": 46.07287024416225,
    "Layer/Paths/Scissors": 19.449277677542774,
    "Layer/Style/Add Inner Shadow": 69.434657334643,
    "Layer/Ignore Underlaying Mask": 47.801443651432464,
    "Insert/Shape/Rectangle": 13.692670579388377,
    "Edit/Spelling/Show Spelling and Grammar": 68.60668331864485,
    "View/Enter Full Screen": 71.63589129100558,
    "Edit/Undo": 6.149711843505957,
    "Window/Bring All To Front": 87.04747062305704,
    "View/Center Selection": 49.91814527976298,
    "Insert/Slice": 81.92980080381056,
    "Layer/Use as Mask": 8.72261184922266,
    "Type/Justify": 4.417403798738528,
    "Layer/Paths/Close Paths": 13.495857820429002,
    "File/Save": 7.94015701679136,
    "View/Show Colors": 12.901334388142505,
    "Layer/Style/Remove Unused Styles": 5.539040388815231,
    "Insert/Artboard": 1.635957285251699,
    "Type/Baseline/Superscript": 95.17439050090111,
    "Edit/Redo": 49.00855394684357,
    "File/Close": 92.91805583866002,
    "Edit/Copy": 34.658704017768216,
    "File/Duplicate": 44.14148275563298,
    "Type/Smaller": 6.7533285726409815,
    "View/Center Canvas": 41.55377387017376,
    "Edit/Cut": 55.41354113804092,
    "Insert/Pencil": 22.360473878324306,
    "Type/Baseline/Use Default": 71.45600473640187,
    "Layer/Paths/Rotate Copies": 19.60722183977186,
    "Layer/Create Shared Style": 87.15986376429586,
    "Edit/Paste and Match Style": 5.445302536753549,