{
    "Edit/Undo": 27.35825607470729,
    "View/Canvas/Show Artboard Shadow": 55.18714828363691,
    "Arange/Move To Front": 5.366308773800643,
    "View/Canvas/Layout Settings": 17.63212464472175,
    "File/Save": 15.532881410765476,
    "View/Canvas/Show Layer Highlights": 57.16450580997571,
    "Layer/Paths/Reverse Order": 96.99308605832584,
    "File/Duplicate": 69.71976149291311,
    "Insert/Shape/Oval": 53.04658427788305,
    "Layer/Paths/Flatten": 95.75390771916969,
    "View/Show Colors": 85.50216102417058,
    "File/Open": 20.89065021249662,
    "File/New From Template/IOS App Design": 75.87203129566281,
    "Arange/Align Objects/Left": 49.93957414052935,
    "Edit/Emoji and Symbols": 74.74728050080688,
    "Layer/Paths/Close Paths": 22.620171276224976,
    "Edit/Duplicate": 73.13993690358046,
    "Insert/Shape/Rectangle": 75.19410742225003,
    "Insert/Image": 12.624068426538981,
    "Type/Kern/Tighten": 56.997887105616805,
    "Edit/Paste and Match Style": 82.80474709695127,
    "Insert/Vector": 55.78008467705642,
    "Type/Ligature/Use None": 84.46969599633918,
    "Layer/Paths/Scissors": 80.5775624760574,
    "Arange/Align Objects/Right": 69.52485300516005,
    "Edit/Copy": 67.02654742797111,
    "View/Canvas/Show Pixels Grid": 57.41402791727833,
    "Layer/Transform/Transform Layer": 27.638593513123332,
    "Layer/Paths/Rotate Copies": 38.12470501796219,
    "Insert/Slice": 52.81716831822172,
    "Layer/Style/Remove Unused Styles": 65.5833084240887,
    "Layer/Mask mode/Alpha Mask": 43.89091699447394,
    "View/Zoom In": 98.76076651025785,
    "Edit/Delete": 71.33187685624458,
    "Layer/Image/Set to Original Size": 85.05193122850797,
    "Type/Baseline/Raise": 33.46820927393724,
    "Layer/Transform/Flip Vertical": 39.5180688000897,
    "Layer/Mask with Selected Shape": 24.64787170896663,
    "Edit/Cut": 22.671229634183586,
    "View/Hide Layers and Inspector": 13.75656387543539,
    "Plugins/Run Last Plugin": 24.958420978509476,
    "View/Center Selection": 65.44975558008734,
    "Layer/Combine/Intersect": 88.52451184763872,
    "Edit/Spelling/Check Spelling as You Type": 36.80591252705801,
    "File/New From Template/IOS UI Design": 37.10833609677117,
    "View/Show Layers List": 15.792527015958214,
    "Layer/Flatten Selection to Bitmap": 7.016410604774137,
    "Insert/Shape/Arrow": 19.972263181038763,
    "Plugins/Reveal Plugins Folder": 55.953178482010266,
    "Layer/Style/Add Inner Shadow": 82.82858301145517,
    "Layer/Create Symbol": 92.01289532784483,
    "File/New From Template/Mac App Design": 20.948304119811525,
    "View/Canvas/Show Layout": 74.11002549948662,
    "File/Export": 25.725433726735535,
    "Arange/Align Objects/Bottom": 2.284320855198929,
    "View/Canvas/Grid Settings": 71.16363073902046,
    "Type/Bold": 78.56758951663264,
    "Type/Italic": 50.66136548604096,
    "Edit/Pick Color": 23.96735731757197,
    "Layer/Paths/Join": 86.10125419554781,
    "Type/Select Similar": 71.21239854579493,
    "Layer/Image/Reduce Image Size": 59.213425361524074,
    "Type/Ligature/Use All": 16.542254935201704,
    "Type/Baseline/Subscript": 19.54042792966366,
    "View/Presentation Mode": 83.16364015613993,
    "File/New File": 99.11800251507084,
    "File/Page Setup": 65.54842801026406,
    "View/Show Inspector": 67.61714685711226,
    "Type/Baseline/Lower": 46.61599759654843,
    "View/Layer List/Reveal in Layer List": 98.48331575165295,
    "Type/Uppercase": 76.01846499946747,
    "View/Hide Toolbar": 17.519891536644472,
    "File/Close": 54.60196381593902,
    "Arange/Move to Back": 29.543722098107615,
    "Type/Kern/Use Default": 17.3875653226103,
    "Insert/Styled Text": 24.46304915752423,
    "Layer/Paths/Split": 15.425941602818105,
    "Type/Kern/Loosen": 92.00176144248995,
    "Type/Bigger": 46.33803016270491,
    "View/Canvas/Show Grid": 80.49903418691243,
    "File/New From Template/Material Design": 97.6571025804779,
    "Insert/Shape/Triangle": 4.308980122142147,
    "Layer/Style/Fill Options": 85.08537524391667,
    "Type/Change Font": 71.66485750493446,
    "Insert/Text": 18.011115566885394,
    "Type/Baseline/Superscript": 61.25594884701483,
    "Layer/Image/Convert to 9-Slice Image": 77.90563442999994,
    "Type/Align Left": 81.10760442794162,
    "Edit/Spelling/Show Spelling and Grammar": 12.030911497846553,
    "Layer/Combine/Subtract": 9.248007689287785,
    "Type/Lowercase": 77.27312071137571,
    "View/Actual Size": 81.80922254071356,
    "Edit/Copy CSS Attributes": 5.981323684236395,
    "File/Export Artboards To Pdf": 64.641121116643,
    "Insert/Shape/Line": 80.5314439992547,
    "Insert/Pencil": 22.478737992126074,
    "Type/Text on Path": 96.33635984164117,
    "Arange/Align Objects/Vertically": 20.5494964983008,
    "Insert/Shape/Rounded": 22.98976637112777,
    "Edit/Scale": 29.908968449421746,
    "Layer/Round to Nearest Pixel Edge": 65.97269073374532,
    "View/Layer List/Auto-Expand Groups in Layers List": 1.8941189381595946,
    "Type/Kern/Use None": 33.55315694811616,
    "Layer/Image/Replace": 76.7055981779392,
    "Insert/Shape/Polygon": 45.32996465568079,
    "View/Canvas/Show Selection Handles": 62.11283772010962,
    "Edit/Paste": 37.02197648531678,
    "Type/Justify": 62.835024513252904,
    "View/Canvas/Show Smart Guides": 95.84436515186384,
    "Layer/Style/Add Fill": 52.31986912823066,
    "Layer/Combine/Reset": 47.82691789825859,
    "File/Rename": 39.25360028858195,
    "View/Canvas/Show Pixels": 30.833842836614544,
    "Arange/Align Objects/Horizontally": 26.338960477083173,
    "Edit/Select All": 4.637309436163917,
    "Plugins/Custom Plugin": 77.57609795855187,
    "Edit/Redo": 2.6755416549580024,
    "Type/Baseline/Use Default": 30.412131202713276,
    "Type/Align Right": 66.69755780536329,
    "View/Enter Full Screen": 20.834118706684677,
    "Insert/Shape/Star": 95.90167629247998,
    "View/Canvas/Hide All Layout and Grids": 37.2740065385771,
    "Type/Underline": 36.76121044124451,
    "Edit/Start Dictation": 59.07314071863708,
    "View/Show Fonts": 41.16662183448,
    "Layer/Style/Add Border": 76.83949929875527,
    "Arange/Forward": 33.74116363703131,
    "Window/Bring All To Front": 94.54131146813191,
    "Layer/Style/Border Options": 25.071444432874234,
    "Layer/Transform/Flip Horizontal": 21.20695392875008,
    "View/Customize Toolbar": 47.97552136154858,
    "Layer/Create Shared Style": 46.73409912946433,
    "Type/Smaller": 50.800957585898175,
    "Edit/Paste in Place": 56.71588729629454,
    "Edit/Spelling/Check Spelling": 83.78746094368147,
    "Edit/Set Style as Default": 92.53136639542626,
    "View/Layer List/Show Layers": 12.648627328805995,
    "View/Layer List/Show Slices": 99.23154136460435,
    "File/Open Recent/Clear Items": 1.558354738431622,
    "Window/Minimize": 56.7307145902511,
    "Layer/Transform/Rotate Layer": 63.21981639216029,
    "File/Print": 97.07778695446048,
    "Arange/Align Objects/Top": 72.4591099549816,
    "Insert/Symbols": 64.29867436745205,
    "View/Layer List/Collapse Artboards and Groups": 31.499257092094545,
    "Insert/Artboard": 56.15672681097775,
    "Layer/Use as Mask": 4.531387088301186,
    "Type/Convert Text to Outlines": 11.668397680049036,
    "View/Center Canvas": 14.251555458134469,
    "Edit/Paste Style": 95.54265317693415,
    "File/Move To": 58.75038115396971,
    "Layer/Paths/Vectorize Stroke": 54.754702259929346,
    "Type/Center": 60.75259471931413,
    "Edit/Copy Style": 54.33975446362821,
    "Layer/Combine/Difference": 46.01042182838538,
    "File/Revert To/Browse All Versions": 11.73733656121334,
    "View/Zoom Out": 61.70373357772172,
    "Layer/Combine/Union": 55.03018007709859,
    "Layer/Mask mode/Outline Mask": 37.672159428692666,
    "Type/Ligature/Use Default": 48.539128170866064,
    "Layer/Ignore Underlaying Mask": 40.864259012231194,
    "Arange/Backward": 30.329262834778646,
    "View/Canvas/Show Rulers": 89.99544143413596,
    "View/Zoom Selection": 96.48317468769238,