{
    "View/Canvas/Show Layout": 5.606016850311257,
    "File/New File": 37.45874092647621,
    "Edit/Redo": 54.699595077773324,
    "View/Canvas/Show Rulers": 21.641530455454838,
    "Layer/Style/Border Options": 88.31219428403467,
    "Insert/Shape/Oval": 73.63735854445557,
    "Layer/Paths/Join": 2.864009332003381,
    "Layer/Image/Set to Original Size": 65.22910257263122,
    "View/Layer List/Auto-Expand Groups in Layers List": 8.858446971893862,
    "View/Hide Toolbar": 2.6902124547711126,
    "Edit/Cut": 52.65095720579397,
    "Arange/Backward": 24.18732856508169,
    "Layer/Mask mode/Alpha Mask": 34.036571957695294,
    "Layer/Combine/Union": 23.832852211621724,
    "File/New From Template/IOS App Design": 27.30659720476938,
    "Layer/Paths/Scissors": 0.6569244314057254,
    "Edit/Emoji and Symbols": 66.83555232816124,
    "Arange/Align Objects/Horizontally": 67.34237286037688,
    "File/Page Setup": 80.05976891209069,
    "Window/Bring All To Front": 48.7690625786618,
    "View/Presentation Mode": 85.1191228357209,
    "View/Zoom Selection": 23.048025546126016,
    "View/Hide Layers and Inspector": 91.22525689355825,
    "View/Zoom In": 38.90996100316407,
    "Type/Kern/Tighten": 96.60296127751124,
    "View/Canvas/Grid Settings": 68.05921123395073,
    "Edit/Start Dictation": 53.953066885636794,
    "Insert/Vector": 43.95815484493589,
    "Type/Baseline/Superscript": 11.207021328502531,
    "File/New From Template/Mac App Design": 64.84788723263057,
    "File/Export": 32.326959360868315,
    "View/Layer List/Collapse Artboards and Groups": 76.55452790024168,
    "View/Actual Size": 20.071276387674388,
    "Layer/Ignore Underlaying Mask": 80.80795662568919,
    "Edit/Paste Style": 9.847393008011274,
    "Edit/Copy": 78.57053355188492,
    "View/Canvas/Show Grid": 65.94096415015738,
    "File/Revert To/Browse All Versions": 14.070801170255487,
    "Insert/Pencil": 57.91120347431814,
    "Type/Align Left": 38.603322107601954,
    "View/Layer List/Reveal in Layer List": 9.127344913286384,
    "Arange/Move To Front": 83.82956644370311,
    "View/Canvas/Show Pixels Grid": 54.73517437428945,
    "Edit/Paste and Match Style": 64.74842884830676,
    "Layer/Paths/Close Paths": 96.35419245617503,
    "Layer/Combine/Subtract": 75.90937553493477,
    "Edit/Select All": 70.79595317758849,
    "Arange/Align Objects/Top": 46.46306411913886,
    "Arange/Forward": 66.61448982699295,
    "View/Center Selection": 46.98154136456735,
    "File/New From Template/IOS UI Design": 62.09622717560396,
    "Edit/Pick Color": 42.53245072708639,
    "View/Canvas/Layout Settings": 46.357245238675006,
    "View/Customize Toolbar": 64.58621676366528,
    "Type/Kern/Use None": 41.04994256239175,
    "View/Canvas/Show Layer Highlights": 57.18135620627499,
    "Edit/Spelling/Check Spelling": 40.39642335367212,
    "Edit/Paste": 71.13264594775006,
    "Insert/Shape/Rectangle": 13.25029584714813,
    "Type/Text on Path": 77.3399898200519,
    "View/Center Canvas": 9.222617838143865,
    "View/Layer List/Show Slices": 72.1853990129069,
    "Insert/Artboard": 54.624524789317974,
    "Window/Minimize": 6.431134985172504,
    "Layer/Transform/Flip Vertical": 47.86664248930773,
    "Type/Justify": 9.822449823321222,
    "Layer/Style/Fill Options": 62.32353836335527,
    "Layer/Transform/Rotate Layer": 95.14250870141518,
    "Insert/Styled Text": 9.090152980940857,
    "Arange/Move to Back": 58.32193756790587,
    "Arange/Align Objects/Right": 34.415511243559216,
    "Layer/Image/Replace": 91.05993671838857,
    "Type/Baseline/Raise": 4.4932879563350685,
    "View/Canvas/Show Smart Guides": 68.70985140520372,
    "Layer/Mask with Selected Shape": 87.1630010708741,
    "Window/Zoom": 95.53987639202239,
    "Type/Center": 87.24381498178822,
    "Layer/Image/Reduce Image Size": 78.22078351241451,
    "View/Canvas/Show Artboard Shadow": 85.22147143239911,
    "Insert/Shape/Arrow": 13.773981562401094,
    "Layer/Style/Remove Unused Styles": 77.28064035341052,
    "Layer/Style/Add Fill": 26.6143143666033,
    "Insert/Text": 22.293270391897792,
    "Edit/Spelling/Show Spelling and Grammar": 90.56937138776917,
    "Layer/Mask mode/Outline Mask": 96.69800327803337,
    "Layer/Combine/Intersect": 63.99054941135699,
    "View/Canvas/Show Selection Handles": 94.693709794024,
    "Type/Kern/Use Default": 27.106092580221386,
    "Insert/Symbols": 89.43626923586145,
    "Layer/Paths/Rotate Copies": 80.14757388250557,
    "Edit/Set Style as Default": 75.91904843064627,
    "Type/Lowercase": 97.88057877761483,
    "Type/Uppercase": 56.91473800040713,
    "Edit/Duplicate": 88.64617045728143,
    "Type/Ligature/Use None": 44.03974546846783,
    "Edit/Scale": 17.681256274598887,
    "Insert/Shape/Rounded": 71.82074982489166,
    "Plugins/Reveal Plugins Folder": 82.65816223723664,
    "Type/Align Right": 36.496741406605274,
    "View/Canvas/Show Pixels": 21.422701724714454,
    "Arange/Align Objects/Left": 72.32441088557175,
    "Type/Bold": 26.297600232071883,
    "View/Canvas/Hide All Layout and Grids": 74.74425054040071,
    "File/Print": 55.583666115665565,
    "Edit/Copy CSS Attributes": 3.5496475723289067,
    "Edit/Undo": 71.12807255022967,
    "Layer/Image/Convert to 9-Slice Image": 80.36528112590969,
    "View/Layer List/Show Layers": 83.28235159997912,
    "File/Export Artboards To Pdf": 39.34741405980504,
    "Insert/Shape/Triangle": 5.880451690550381,
    "Layer/Use as Mask": 77.22377644718263,
    "Layer/Flatten Selection to Bitmap": 2.8268825843122625,
    "Plugins/Custom Plugin": 83.25914267760066,
    "Layer/Style/Add Inner Shadow": 92.5388509857729,
    "Type/Kern/Loosen": 42.93779862535061,
    "File/Save": 65.2703844030756,
    "Type/Baseline/Subscript": 90.9882411318006,
    "Insert/Shape/Polygon": 65.13668506518681,
    "Type/Smaller": 17.536545269078275,
    "Layer/Combine/Reset": 71.10864392122943,
    "File/Open": 6.670614947606479,
    "Insert/Shape/Line": 96.96438387866382,
    "Type/Convert Text to Outlines": 82.703511911165,
    "Layer/Paths/Split": 55.63283238141484,
    "File/Rename": 16.651623326830524,
    "Insert/Image": 75.4410385928076,
    "View/Show Layers List": 46.74925177078627,
    "Edit/Paste in Place": 21.315478055686267,
    "File/Close": 84.67190990470795,
    "Edit/Delete": 94.00470798808819,
    "File/Open Recent/Clear Items": 98.52391716913385,
    "Layer/Style/Add Border": 70.1985359300959,
    "View/Show Fonts": 21.40185248524169,
    "View/Enter Full Screen": 85.84796276373504,
    "Layer/Paths/Vectorize Stroke": 97.98850155393148,
    "View/Show Colors": 43.93702599717296,
    "View/Zoom Out": 42.447934479468245,
    "Type/Bigger": 93.38860923608576,
    "Layer/Paths/Flatten": 40.9117772008027,
    "Layer/Create Symbol": 13.286148867275681,
    "Layer/Transform/Flip Horizontal": 18.190317969589344,
    "Type/Select Similar": 11.459005423859237,
    "File/Save as Template": 12.45607226256319,
    "Layer/Paths/Reverse Order": 89.80426094596501,
    "Type/Ligature/Use Default": 54.33472282405235,
    "File/Duplicate": 76.4847462962115,
    "Arange/Align Objects/Vertically": 64.2059150094983,
    "Layer/Round to Nearest Pixel Edge": 58.294475186323766,
    "Type/Italic": 36.36750292809418,
    "Edit/Copy Style": 29.409551011313873,
    "View/Show Inspector": 26.327807335274244,
    "Insert/Shape/Star": 84.38944487135754,
    "Layer/Combine/Difference": 24.768005133601267,
    "Type/Change Font": 42.39696743231397,
    "Plugins/Run Last Plugin": 7.563347487760385,
    "Type/Underline": 36.11637422161166,
    "File/Move To": 20.66899742753201,
    "Arange/Align Objects/Bottom": 35.59035945293123,
    "File/New From Template/Material Design": 95.21188878218855,
    "Insert/Slice": 87.58704552090386,
    "Type/Baseline/Lower": 42.25589634587059,
    "Type/Baseline/Use Default": 44.96839289940583,
    "Type/Ligature/Use All": 63.79447139608242,
    "Edit/Spelling/Check Spelling as You Type": 62.83423993669558,
    "Layer/Create Shared Style": 35.32796121999166,