{
    "Layer/Create Symbol": 4.50059787440712,
    "Type/Kern/Use Default": 99.06056447971207,
    "Edit/Undo": 7.535533426989338,
    "Layer/Combine/Difference": 54.6782228895725,
    "Type/Ligature/Use All": 8.925848182525675,
    "Type/Ligature/Use Default": 14.753061408225431,
    "Insert/Shape/Star": 37.96492066138455,
    "View/Canvas/Show Smart Guides": 36.47895503692996,
    "View/Show Fonts": 33.058880357731326,
    "File/Open": 41.07915194253893,
    "View/Show Layers List": 16.424221297431952,
    "Layer/Paths/Close Paths": 4.368704972434134,
    "Type/Baseline/Use Default": 79.69776432582132,
    "Layer/Style/Fill Options": 62.23179871235517,
    "Type/Bigger": 23.378408143487693,
    "View/Layer List/Auto-Expand Groups in Layers List": 83.95714188154753,
    "Arange/Align Objects/Horizontally": 5.712555880113667,
    "Type/Baseline/Lower": 40.484319835687664,
    "Insert/Slice": 13.193907954654216,
    "Insert/Shape/Oval": 15.20636742817285,
    "Arange/Align Objects/Top": 13.212626573938369,
    "Type/Kern/Loosen": 20.067428088214456,
    "View/Canvas/Grid Settings": 41.81459200960165,
    "File/Rename": 27.885389764884483,
    "Layer/Flatten Selection to Bitmap": 66.76445785257792,
    "Layer/Paths/Join": 25.810363074295083,
    "Insert/Text": 33.430137017555886,
    "Edit/Pick Color": 67.21544129918206,
    "Type/Baseline/Superscript": 95.27755031216707,
    "Plugins/Run Last Plugin": 35.81928921599998,
    "Edit/Spelling/Check Spelling": 59.617485829912255,
    "File/Save": 62.65100605410545,
    "Layer/Style/Add Fill": 73.58163656805536,
    "Type/Align Left": 42.995219134984275,
    "View/Canvas/Show Selection Handles": 58.57061789807606,
    "Type/Baseline/Raise": 97.22505371961371,
    "View/Layer List/Show Layers": 81.25726087430948,
    "File/Save as Template": 62.934046132828435,
    "Layer/Paths/Rotate Copies": 32.831750335955654,
    "Arange/Move To Front": 35.55916277774615,
    "Edit/Paste Style": 48.47951986780341,
    "File/New From Template/Mac App Design": 62.665347307853324,
    "Type/Change Font": 67.68320384742881,
    "Plugins/Custom Plugin": 67.27902833492541,
    "View/Layer List/Collapse Artboards and Groups": 85.20620578813917,
    "Insert/Shape/Arrow": 97.83984719119154,
    "Layer/Combine/Reset": 70.53086401845628,
    "Type/Bold": 5.185018871219016,
    "View/Canvas/Hide All Layout and Grids": 87.66782790059297,
    "Layer/Paths/Reverse Order": 19.3245435166166,
    "Type/Kern/Tighten": 10.711566089603231,
    "Edit/Copy Style": 50.83476800627938,
    "Arange/Align Objects/Right": 50.97737125333616,
    "Layer/Paths/Flatten": 86.38389422138492,
    "View/Center Selection": 64.92475121263973,
    "Type/Convert Text to Outlines": 65.5025150803003,
    "Type/Baseline/Subscript": 75.04859759958676,
    "Layer/Transform/Rotate Layer": 2.850395883411405,
    "View/Canvas/Show Layout": 11.08683831809233,
    "File/Export Artboards To Pdf": 72.34424087506032,
    "Layer/Transform/Flip Horizontal": 17.157617016318127,
    "Layer/Image/Replace": 19.133307902707784,
    "Arange/Backward": 10.118219939038065,
    "File/New From Template/Material Design": 99.6257337219773,
    "Type/Underline": 27.761067975559396,
    "Arange/Align Objects/Vertically": 8.442162645698282,
    "Type/Kern/Use None": 94.49031736267143,
    "View/Presentation Mode": 4.142077164825809,
    "Layer/Combine/Union": 83.50193037240673,
    "View/Customize Toolbar": 70.0190642164802,
    "Layer/Mask mode/Alpha Mask": 57.55421959114566,
    "Edit/Delete": 71.82401028908484,
    "Layer/Image/Convert to 9-Slice Image": 46.164380432786956,
    "Type/Select Similar": 97.0164091657822,
    "View/Layer List/Reveal in Layer List": 44.267482041187634,
    "Insert/Shape/Line": 16.67591261589366,
    "Layer/Style/Add Border": 50.75677546225904,
    "Arange/Forward": 11.25892351032155,
    "Layer/Paths/Split": 92.21112819641277,
    "View/Zoom Selection": 45.91813726867291,
    "Layer/Style/Add Inner Shadow": 49.96150313396579,
    "Layer/Mask with Selected Shape": 69.90048854001867,
    "File/Revert To/Browse All Versions": 11.252903510678724,
    "Layer/Transform/Transform Layer": 70.51708055380183,
    "Insert/Shape/Rounded": 54.70533598693,
    "View/Hide Layers and Inspector": 2.1231453972540337,
    "Window/Minimize": 77.09017159660849,
    "Window/Zoom": 6.56871015557906,
    "Type/Smaller": 23.207079724102254,
    "Type/Justify": 78.2418892201195,
    "View/Actual Size": 32.01998393815393,
    "Type/Lowercase": 70.59130092584545,
    "View/Canvas/Layout Settings": 71.60392276150252,
    "Insert/Styled Text": 1.587681691357301,
    "View/Canvas/Show Artboard Shadow": 97.91798781631485,
    "Layer/Mask mode/Outline Mask": 88.59971794825003,
    "Insert/Shape/Triangle": 45.52426234062992,
    "View/Canvas/Show Pixels": 48.743005221157595,
    "File/Move To": 91.41142897159202,
    "Insert/Artboard": 57.0344269123945,
    "File/New From Template/IOS UI Design": 19.382934508743986,
    "Edit/Duplicate": 27.701053355578775,
    "File/New From Template/IOS App Design": 95.04778827888917,
    "Edit/Select All": 74.576075925162,
    "Layer/Style/Remove Unused Styles": 84.0674125051192,
    "File/New File": 16.42217471377837,
    "Type/Align Right": 93.85663662057068,
    "Insert/Vector": 43.97087720144876,
    "View/Canvas/Show Grid": 45.731994718401396,
    "Edit/Paste": 77.15497036818374,
    "Layer/Combine/Subtract": 34.758549028059605,
    "Layer/Ignore Underlaying Mask": 95.53626521625563,
    "Edit/Spelling/Show Spelling and Grammar": 87.40634541631319,
    "Edit/Paste in Place": 27.581328923008208,
    "Layer/Paths/Vectorize Stroke": 58.21966611804626,
    "View/Center Canvas": 39.72607876242974,
    "Window/Bring All To Front": 22.816078764526893,
    "Arange/Align Objects/Left": 3.9875943626142996,
    "Insert/Shape/Polygon": 63.415501079288106,
    "Edit/Copy": 60.67684419869711,
    "Edit/Scale": 75.8322645485864,
    "Layer/Style/Border Options": 29.799766456032508,
    "Arange/Align Objects/Bottom": 72.83888043620362,
    "Type/Ligature/Use None": 85.43883538159209,
    "File/Print": 20.77111215843379,
    "Insert/Shape/Rectangle": 48.01676740532407,
    "Layer/Transform/Flip Vertical": 13.746313876728166,
    "Layer/Combine/Intersect": 30.822179165514697,
    "Edit/Spelling/Check Spelling as You Type": 26.93359986777919,
    "File/Export": 6.460862914751175,
    "Edit/Set Style as Default": 65.1066209079017,
    "Edit/Copy CSS Attributes": 25.337903534787152,
    "View/Zoom Out": 63.99012468004691,
    "Plugins/Reveal Plugins Folder": 77.20466689700623,
    "Edit/Redo": 80.67325717674787,
    "Layer/Image/Set to Original Size": 11.2139046430901,
    "View/Show Colors": 26.521815130688164,
    "File/Page Setup": 30.8356503612665,
    "Layer/Image/Reduce Image Size": 55.76289015959394,
    "File/Open Recent/Clear Items": 67.78031674146688,
    "Edit/Cut": 84.56437063401091,
    "Arange/Move to Back": 77.74426661138875,
    "View/Canvas/Show Layer Highlights": 71.45225883804058,
    "Edit/Start Dictation": 73.90049471717663,
    "File/Duplicate": 12.514466343529895,
    "View/Layer List/Show Slices": 25.659781088886646,
    "View/Canvas/Show Pixels Grid": 4.989016269986902,
    "Insert/Pencil": 96.02388493699412,
    "Layer/Use as Mask": 78.28215609991781,
    "Edit/Emoji and Symbols": 47.20238788092469,
    "Layer/Round to Nearest Pixel Edge": 36.312865143717744,
    "Insert/Image": 5.936393453033862,
    "View/Show Inspector": 30.875858293341174,
    "View/Hide Toolbar": 87.41237377980224,
    "Type/Center": 70.87916095258316,
    "View/Canvas/Show Rulers": 83.38746943945051,
    "Insert/Symbols": 97.2695397282693,
    "Edit/Paste and Match Style": 76.95963918661224,
    "Layer/Create Shared Style": 92.5741017171812,
    "View/Enter Full Screen": 51.23148158808021,
    "Type/Text on Path": 74.46313837944203,
    "Layer/Paths/Scissors": 25.52353954960045,
    "File/Close": 63.937990862471814,
    "Type/Uppercase": 50.55763865033423,